"Overlast";"Perioden";"Regio's";"Geregistreerde overlast (aantal)"
"Totaal registraties overlast";"2012 januari";"Breda";"     276"
"Totaal registraties overlast";"2012 februari";"Breda";"     277"
"Totaal registraties overlast";"2012 maart";"Breda";"     313"
"Totaal registraties overlast";"2012 april";"Breda";"     242"
"Totaal registraties overlast";"2012 mei";"Breda";"     402"
"Totaal registraties overlast";"2012 juni";"Breda";"     355"
"Totaal registraties overlast";"2012 juli";"Breda";"     358"
"Totaal registraties overlast";"2012 augustus";"Breda";"     447"
"Totaal registraties overlast";"2012 september";"Breda";"     371"
"Totaal registraties overlast";"2012 oktober";"Breda";"     308"
"Totaal registraties overlast";"2012 november";"Breda";"     267"
"Totaal registraties overlast";"2012 december";"Breda";"     245"
"Totaal registraties overlast";"2012";"Breda";"    3861"
"Totaal registraties overlast";"2013 januari";"Breda";"     359"
"Totaal registraties overlast";"2013 februari";"Breda";"     213"
"Totaal registraties overlast";"2013 maart";"Breda";"     248"
"Totaal registraties overlast";"2013 april";"Breda";"     273"
"Totaal registraties overlast";"2013 mei";"Breda";"     337"
"Totaal registraties overlast";"2013 juni";"Breda";"     339"
"Totaal registraties overlast";"2013 juli";"Breda";"     331"
"Totaal registraties overlast";"2013 augustus";"Breda";"     368"
"Totaal registraties overlast";"2013 september";"Breda";"     298"
"Totaal registraties overlast";"2013 oktober";"Breda";"     281"
"Totaal registraties overlast";"2013 november";"Breda";"     256"
"Totaal registraties overlast";"2013 december";"Breda";"     221"
"Totaal registraties overlast";"2013";"Breda";"    3524"
"Totaal registraties overlast";"2014 januari";"Breda";"     236"
"Totaal registraties overlast";"2014  februari";"Breda";"     237"
"Totaal registraties overlast";"2014 maart";"Breda";"     275"
"Totaal registraties overlast";"2014 april";"Breda";"     367"
"Totaal registraties overlast";"2014 mei";"Breda";"     349"
"Totaal registraties overlast";"2014 juni";"Breda";"     405"
"Totaal registraties overlast";"2014 juli";"Breda";"     414"
"Totaal registraties overlast";"2014 augustus";"Breda";"     406"
"Totaal registraties overlast";"2014 september ";"Breda";"     393"
"Totaal registraties overlast";"2014 oktober";"Breda";"     338"
"Totaal registraties overlast";"2014 november";"Breda";"     317"
"Totaal registraties overlast";"2014 december";"Breda";"     267"
"Totaal registraties overlast";"2014";"Breda";"    4004"
"Totaal registraties overlast";"2015 januari";"Breda";"     234"
"Totaal registraties overlast";"2015  februari";"Breda";"     285"
"Totaal registraties overlast";"2015 maart";"Breda";"     251"
"Totaal registraties overlast";"2015 april";"Breda";"     333"
"Totaal registraties overlast";"2015 mei";"Breda";"     374"
"Totaal registraties overlast";"2015 juni";"Breda";"     431"
"Totaal registraties overlast";"2015 juli";"Breda";"     496"
"Totaal registraties overlast";"2015 augustus";"Breda";"     394"
"Totaal registraties overlast";"2015 september";"Breda";"     302"
"Totaal registraties overlast";"2015 oktober";"Breda";"     339"
"Totaal registraties overlast";"2015 november";"Breda";"     353"
"Totaal registraties overlast";"2015 december";"Breda";"     367"
"Totaal registraties overlast";"2015";"Breda";"    4159"
"Totaal registraties overlast";"2016 januari";"Breda";"     309"
"Totaal registraties overlast";"2016  februari";"Breda";"     277"
"Totaal registraties overlast";"2016 maart";"Breda";"     353"
"Totaal registraties overlast";"2016 april";"Breda";"     406"
"Totaal registraties overlast";"2016 mei";"Breda";"     436"
"Totaal registraties overlast";"2016 juni";"Breda";"     495"
"Totaal registraties overlast";"2016 juli";"Breda";"     569"
"Totaal registraties overlast";"2016 augustus";"Breda";"     415"
"Totaal registraties overlast";"2016 september";"Breda";"     443"
"Totaal registraties overlast";"2016 oktober";"Breda";"     403"
"Totaal registraties overlast";"2016 november";"Breda";"     303"
"Totaal registraties overlast";"2016 december";"Breda";"     302"
"Totaal registraties overlast";"2016";"Breda";"    4711"
"Totaal registraties overlast";"2017 januari";"Breda";"     327"
"Totaal registraties overlast";"2017 februari";"Breda";"     294"
"Totaal registraties overlast";"2017 maart";"Breda";"     301"
"Totaal registraties overlast";"2017 april";"Breda";"     363"
"Totaal registraties overlast";"2017 mei";"Breda";"     388"
"Totaal registraties overlast";"2017 juni";"Breda";"     478"
"Totaal registraties overlast";"2017 juli";"Breda";"     489"
"Totaal registraties overlast";"2017 augustus";"Breda";"     397"
"Totaal registraties overlast";"2017 september";"Breda";"     330"
"Totaal registraties overlast";"2017 oktober";"Breda";"     333"
"Totaal registraties overlast";"2017 november";"Breda";"     274"
"Totaal registraties overlast";"2017 december";"Breda";"     302"
"Totaal registraties overlast";"2017";"Breda";"    4276"
"Totaal registraties overlast";"2018 januari ";"Breda";"     281"
"Totaal registraties overlast";"2018 februari";"Breda";"     239"
"Totaal registraties overlast";"2018 maart";"Breda";"     298"
"Totaal registraties overlast";"2018 april";"Breda";"     329"
"Totaal registraties overlast";"2018 mei";"Breda";"     342"
"Totaal registraties overlast";"2018 juni";"Breda";"     418"
"Totaal registraties overlast";"2018 juli";"Breda";"     346"
"Totaal registraties overlast";"2018 augustus";"Breda";"     416"
"Totaal registraties overlast";"2018 september";"Breda";"     315"
"Totaal registraties overlast";"2018 oktober";"Breda";"     322"
"Totaal registraties overlast";"2018 november";"Breda";"     264"
"Totaal registraties overlast";"2018 december";"Breda";"     313"
"Totaal registraties overlast";"2018";"Breda";"    3883"
"Totaal registraties overlast";"2019 januari";"Breda";"     266"
"Totaal registraties overlast";"2019 februari";"Breda";"     267"
"Totaal registraties overlast";"2019 maart";"Breda";"     282"
"Totaal registraties overlast";"2019 april";"Breda";"     387"
"Totaal registraties overlast";"2019 mei";"Breda";"     343"
"Totaal registraties overlast";"2019 juni";"Breda";"     377"
"Totaal registraties overlast";"2019 juli";"Breda";"     392"
"Totaal registraties overlast";"2019 augustus";"Breda";"     366"
"Totaal registraties overlast";"2019 september";"Breda";"     323"
"Totaal registraties overlast";"2019 oktober";"Breda";"     312"
"Totaal registraties overlast";"2019 november";"Breda";"     272"
"Totaal registraties overlast";"2019 december";"Breda";"     275"
"Totaal registraties overlast";"2019";"Breda";"    3862"
"Totaal registraties overlast";"2020 januari";"Breda";"     316"
"Totaal registraties overlast";"2020 februari";"Breda";"     302"
"Totaal registraties overlast";"2020 maart";"Breda";"     369"
"Totaal registraties overlast";"2020 april";"Breda";"     546"
"Totaal registraties overlast";"2020 mei";"Breda";"     665"
"Totaal registraties overlast";"2020 juni";"Breda";"     620"
"Totaal registraties overlast";"2020 juli";"Breda";"     613"
"Totaal registraties overlast";"2020 augustus";"Breda";"     607"
"Totaal registraties overlast";"2020 september";"Breda";"     474"
"Totaal registraties overlast";"2020 oktober";"Breda";"     511"
"Totaal registraties overlast";"2020 november";"Breda";"     485"
"Totaal registraties overlast";"2020 december";"Breda";"     430"
"Totaal registraties overlast";"2020";"Breda";"    5938"
"Totaal registraties overlast";"2021 januari";"Breda";"     547"
"Totaal registraties overlast";"2021 februari";"Breda";"     635"
"Totaal registraties overlast";"2021 maart";"Breda";"     582"
"Totaal registraties overlast";"2021 april";"Breda";"     581"
"Totaal registraties overlast";"2021 mei";"Breda";"     603"
"Totaal registraties overlast";"2021 juni";"Breda";"     678"
"Totaal registraties overlast";"2021 juli";"Breda";"     733"
"Totaal registraties overlast";"2021 augustus";"Breda";"     707"
"Totaal registraties overlast";"2021 september";"Breda";"     629"
"Totaal registraties overlast";"2021 oktober";"Breda";"     473"
"Totaal registraties overlast";"2021  november";"Breda";"     502"
"Totaal registraties overlast";"2021 december";"Breda";"     536"
"Totaal registraties overlast";"2021";"Breda";"    7206"
"Totaal registraties overlast";"2022 januari";"Breda";"     528"
"Totaal registraties overlast";"2022 februari";"Breda";"     462"
"Totaal registraties overlast";"2022 maart";"Breda";"     421"
"Totaal registraties overlast";"2022 april";"Breda";"     437"
"Totaal registraties overlast";"2022 mei";"Breda";"     511"
"Totaal registraties overlast";"2022 juni";"Breda";"     506"
"Totaal registraties overlast";"2022 juli";"Breda";"     615"
"Totaal registraties overlast";"2022 augustus";"Breda";"     567"
"Totaal registraties overlast";"2022 september";"Breda";"     423"
"Totaal registraties overlast";"2022 oktober";"Breda";"     428"
"Totaal registraties overlast";"2022 november";"Breda";"     415"
"Totaal registraties overlast";"2022 december";"Breda";"     359"
"Totaal registraties overlast";"2022";"Breda";"    5672"
"Totaal registraties overlast";"2023 januari";"Breda";"     413"
"Totaal registraties overlast";"2023 februari";"Breda";"     361"
"Totaal registraties overlast";"2023 maart";"Breda";"     419"
"Totaal registraties overlast";"2023 april";"Breda";"     532"
"Overlast door verward persoon";"2012 januari";"Breda";"      39"
"Overlast door verward persoon";"2012 februari";"Breda";"      27"
"Overlast door verward persoon";"2012 maart";"Breda";"      46"
"Overlast door verward persoon";"2012 april";"Breda";"      42"
"Overlast door verward persoon";"2012 mei";"Breda";"      41"
"Overlast door verward persoon";"2012 juni";"Breda";"      32"
"Overlast door verward persoon";"2012 juli";"Breda";"      37"
"Overlast door verward persoon";"2012 augustus";"Breda";"      51"
"Overlast door verward persoon";"2012 september";"Breda";"      37"
"Overlast door verward persoon";"2012 oktober";"Breda";"      34"
"Overlast door verward persoon";"2012 november";"Breda";"      43"
"Overlast door verward persoon";"2012 december";"Breda";"      35"
"Overlast door verward persoon";"2012";"Breda";"     464"
"Overlast door verward persoon";"2013 januari";"Breda";"      56"
"Overlast door verward persoon";"2013 februari";"Breda";"      40"
"Overlast door verward persoon";"2013 maart";"Breda";"      49"
"Overlast door verward persoon";"2013 april";"Breda";"      32"
"Overlast door verward persoon";"2013 mei";"Breda";"      52"
"Overlast door verward persoon";"2013 juni";"Breda";"      39"
"Overlast door verward persoon";"2013 juli";"Breda";"      43"
"Overlast door verward persoon";"2013 augustus";"Breda";"      39"
"Overlast door verward persoon";"2013 september";"Breda";"      36"
"Overlast door verward persoon";"2013 oktober";"Breda";"      38"
"Overlast door verward persoon";"2013 november";"Breda";"      35"
"Overlast door verward persoon";"2013 december";"Breda";"      32"
"Overlast door verward persoon";"2013";"Breda";"     491"
"Overlast door verward persoon";"2014 januari";"Breda";"      34"
"Overlast door verward persoon";"2014  februari";"Breda";"      23"
"Overlast door verward persoon";"2014 maart";"Breda";"      40"
"Overlast door verward persoon";"2014 april";"Breda";"      56"
"Overlast door verward persoon";"2014 mei";"Breda";"      48"
"Overlast door verward persoon";"2014 juni";"Breda";"      43"
"Overlast door verward persoon";"2014 juli";"Breda";"      45"
"Overlast door verward persoon";"2014 augustus";"Breda";"      62"
"Overlast door verward persoon";"2014 september ";"Breda";"      67"
"Overlast door verward persoon";"2014 oktober";"Breda";"      66"
"Overlast door verward persoon";"2014 november";"Breda";"      58"
"Overlast door verward persoon";"2014 december";"Breda";"      54"
"Overlast door verward persoon";"2014";"Breda";"     596"
"Overlast door verward persoon";"2015 januari";"Breda";"      48"
"Overlast door verward persoon";"2015  februari";"Breda";"      64"
"Overlast door verward persoon";"2015 maart";"Breda";"      56"
"Overlast door verward persoon";"2015 april";"Breda";"      50"
"Overlast door verward persoon";"2015 mei";"Breda";"      68"
"Overlast door verward persoon";"2015 juni";"Breda";"      58"
"Overlast door verward persoon";"2015 juli";"Breda";"      83"
"Overlast door verward persoon";"2015 augustus";"Breda";"      74"
"Overlast door verward persoon";"2015 september";"Breda";"      62"
"Overlast door verward persoon";"2015 oktober";"Breda";"      76"
"Overlast door verward persoon";"2015 november";"Breda";"      84"
"Overlast door verward persoon";"2015 december";"Breda";"      78"
"Overlast door verward persoon";"2015";"Breda";"     801"
"Overlast door verward persoon";"2016 januari";"Breda";"      51"
"Overlast door verward persoon";"2016  februari";"Breda";"      86"
"Overlast door verward persoon";"2016 maart";"Breda";"      90"
"Overlast door verward persoon";"2016 april";"Breda";"      99"
"Overlast door verward persoon";"2016 mei";"Breda";"      62"
"Overlast door verward persoon";"2016 juni";"Breda";"      74"
"Overlast door verward persoon";"2016 juli";"Breda";"      94"
"Overlast door verward persoon";"2016 augustus";"Breda";"      72"
"Overlast door verward persoon";"2016 september";"Breda";"      87"
"Overlast door verward persoon";"2016 oktober";"Breda";"      65"
"Overlast door verward persoon";"2016 november";"Breda";"      67"
"Overlast door verward persoon";"2016 december";"Breda";"      88"
"Overlast door verward persoon";"2016";"Breda";"     935"
"Overlast door verward persoon";"2017 januari";"Breda";"     103"
"Overlast door verward persoon";"2017 februari";"Breda";"      70"
"Overlast door verward persoon";"2017 maart";"Breda";"     107"
"Overlast door verward persoon";"2017 april";"Breda";"      92"
"Overlast door verward persoon";"2017 mei";"Breda";"     111"
"Overlast door verward persoon";"2017 juni";"Breda";"     104"
"Overlast door verward persoon";"2017 juli";"Breda";"     118"
"Overlast door verward persoon";"2017 augustus";"Breda";"     120"
"Overlast door verward persoon";"2017 september";"Breda";"     104"
"Overlast door verward persoon";"2017 oktober";"Breda";"     106"
"Overlast door verward persoon";"2017 november";"Breda";"      64"
"Overlast door verward persoon";"2017 december";"Breda";"      95"
"Overlast door verward persoon";"2017";"Breda";"    1194"
"Overlast door verward persoon";"2018 januari ";"Breda";"      98"
"Overlast door verward persoon";"2018 februari";"Breda";"      67"
"Overlast door verward persoon";"2018 maart";"Breda";"     109"
"Overlast door verward persoon";"2018 april";"Breda";"     102"
"Overlast door verward persoon";"2018 mei";"Breda";"     100"
"Overlast door verward persoon";"2018 juni";"Breda";"     116"
"Overlast door verward persoon";"2018 juli";"Breda";"      92"
"Overlast door verward persoon";"2018 augustus";"Breda";"     112"
"Overlast door verward persoon";"2018 september";"Breda";"     109"
"Overlast door verward persoon";"2018 oktober";"Breda";"     106"
"Overlast door verward persoon";"2018 november";"Breda";"     111"
"Overlast door verward persoon";"2018 december";"Breda";"     114"
"Overlast door verward persoon";"2018";"Breda";"    1236"
"Overlast door verward persoon";"2019 januari";"Breda";"      76"
"Overlast door verward persoon";"2019 februari";"Breda";"      89"
"Overlast door verward persoon";"2019 maart";"Breda";"     102"
"Overlast door verward persoon";"2019 april";"Breda";"     128"
"Overlast door verward persoon";"2019 mei";"Breda";"     103"
"Overlast door verward persoon";"2019 juni";"Breda";"     107"
"Overlast door verward persoon";"2019 juli";"Breda";"     123"
"Overlast door verward persoon";"2019 augustus";"Breda";"     130"
"Overlast door verward persoon";"2019 september";"Breda";"     104"
"Overlast door verward persoon";"2019 oktober";"Breda";"     117"
"Overlast door verward persoon";"2019 november";"Breda";"      90"
"Overlast door verward persoon";"2019 december";"Breda";"      96"
"Overlast door verward persoon";"2019";"Breda";"    1265"
"Overlast door verward persoon";"2020 januari";"Breda";"      91"
"Overlast door verward persoon";"2020 februari";"Breda";"      98"
"Overlast door verward persoon";"2020 maart";"Breda";"     108"
"Overlast door verward persoon";"2020 april";"Breda";"     138"
"Overlast door verward persoon";"2020 mei";"Breda";"     151"
"Overlast door verward persoon";"2020 juni";"Breda";"     161"
"Overlast door verward persoon";"2020 juli";"Breda";"     146"
"Overlast door verward persoon";"2020 augustus";"Breda";"     129"
"Overlast door verward persoon";"2020 september";"Breda";"     123"
"Overlast door verward persoon";"2020 oktober";"Breda";"     160"
"Overlast door verward persoon";"2020 november";"Breda";"     191"
"Overlast door verward persoon";"2020 december";"Breda";"     133"
"Overlast door verward persoon";"2020";"Breda";"    1629"
"Overlast door verward persoon";"2021 januari";"Breda";"     155"
"Overlast door verward persoon";"2021 februari";"Breda";"     195"
"Overlast door verward persoon";"2021 maart";"Breda";"     196"
"Overlast door verward persoon";"2021 april";"Breda";"     150"
"Overlast door verward persoon";"2021 mei";"Breda";"     158"
"Overlast door verward persoon";"2021 juni";"Breda";"     157"
"Overlast door verward persoon";"2021 juli";"Breda";"     188"
"Overlast door verward persoon";"2021 augustus";"Breda";"     194"
"Overlast door verward persoon";"2021 september";"Breda";"     188"
"Overlast door verward persoon";"2021 oktober";"Breda";"     112"
"Overlast door verward persoon";"2021  november";"Breda";"     159"
"Overlast door verward persoon";"2021 december";"Breda";"     136"
"Overlast door verward persoon";"2021";"Breda";"    1988"
"Overlast door verward persoon";"2022 januari";"Breda";"     158"
"Overlast door verward persoon";"2022 februari";"Breda";"     124"
"Overlast door verward persoon";"2022 maart";"Breda";"     144"
"Overlast door verward persoon";"2022 april";"Breda";"     157"
"Overlast door verward persoon";"2022 mei";"Breda";"     184"
"Overlast door verward persoon";"2022 juni";"Breda";"     163"
"Overlast door verward persoon";"2022 juli";"Breda";"     191"
"Overlast door verward persoon";"2022 augustus";"Breda";"     176"
"Overlast door verward persoon";"2022 september";"Breda";"     123"
"Overlast door verward persoon";"2022 oktober";"Breda";"     117"
"Overlast door verward persoon";"2022 november";"Breda";"     134"
"Overlast door verward persoon";"2022 december";"Breda";"     129"
"Overlast door verward persoon";"2022";"Breda";"    1800"
"Overlast door verward persoon";"2023 januari";"Breda";"     136"
"Overlast door verward persoon";"2023 februari";"Breda";"     111"
"Overlast door verward persoon";"2023 maart";"Breda";"     147"
"Overlast door verward persoon";"2023 april";"Breda";"     183"
"Melding overlast jeugd";"2012 januari";"Breda";"      70"
"Melding overlast jeugd";"2012 februari";"Breda";"      80"
"Melding overlast jeugd";"2012 maart";"Breda";"     123"
"Melding overlast jeugd";"2012 april";"Breda";"      73"
"Melding overlast jeugd";"2012 mei";"Breda";"      95"
"Melding overlast jeugd";"2012 juni";"Breda";"     112"
"Melding overlast jeugd";"2012 juli";"Breda";"      99"
"Melding overlast jeugd";"2012 augustus";"Breda";"     162"
"Melding overlast jeugd";"2012 september";"Breda";"     100"
"Melding overlast jeugd";"2012 oktober";"Breda";"     117"
"Melding overlast jeugd";"2012 november";"Breda";"      91"
"Melding overlast jeugd";"2012 december";"Breda";"      84"
"Melding overlast jeugd";"2012";"Breda";"    1206"
"Melding overlast jeugd";"2013 januari";"Breda";"     133"
"Melding overlast jeugd";"2013 februari";"Breda";"      60"
"Melding overlast jeugd";"2013 maart";"Breda";"      69"
"Melding overlast jeugd";"2013 april";"Breda";"      84"
"Melding overlast jeugd";"2013 mei";"Breda";"      91"
"Melding overlast jeugd";"2013 juni";"Breda";"     100"
"Melding overlast jeugd";"2013 juli";"Breda";"     103"
"Melding overlast jeugd";"2013 augustus";"Breda";"     103"
"Melding overlast jeugd";"2013 september";"Breda";"      56"
"Melding overlast jeugd";"2013 oktober";"Breda";"      77"
"Melding overlast jeugd";"2013 november";"Breda";"      58"
"Melding overlast jeugd";"2013 december";"Breda";"      44"
"Melding overlast jeugd";"2013";"Breda";"     978"
"Melding overlast jeugd";"2014 januari";"Breda";"      59"
"Melding overlast jeugd";"2014  februari";"Breda";"      60"
"Melding overlast jeugd";"2014 maart";"Breda";"      90"
"Melding overlast jeugd";"2014 april";"Breda";"     125"
"Melding overlast jeugd";"2014 mei";"Breda";"      87"
"Melding overlast jeugd";"2014 juni";"Breda";"     105"
"Melding overlast jeugd";"2014 juli";"Breda";"     130"
"Melding overlast jeugd";"2014 augustus";"Breda";"     116"
"Melding overlast jeugd";"2014 september ";"Breda";"      84"
"Melding overlast jeugd";"2014 oktober";"Breda";"      90"
"Melding overlast jeugd";"2014 november";"Breda";"      73"
"Melding overlast jeugd";"2014 december";"Breda";"      89"
"Melding overlast jeugd";"2014";"Breda";"    1108"
"Melding overlast jeugd";"2015 januari";"Breda";"      45"
"Melding overlast jeugd";"2015  februari";"Breda";"      54"
"Melding overlast jeugd";"2015 maart";"Breda";"      69"
"Melding overlast jeugd";"2015 april";"Breda";"     100"
"Melding overlast jeugd";"2015 mei";"Breda";"      85"
"Melding overlast jeugd";"2015 juni";"Breda";"     113"
"Melding overlast jeugd";"2015 juli";"Breda";"     136"
"Melding overlast jeugd";"2015 augustus";"Breda";"      76"
"Melding overlast jeugd";"2015 september";"Breda";"      68"
"Melding overlast jeugd";"2015 oktober";"Breda";"      87"
"Melding overlast jeugd";"2015 november";"Breda";"      89"
"Melding overlast jeugd";"2015 december";"Breda";"      79"
"Melding overlast jeugd";"2015";"Breda";"    1001"
"Melding overlast jeugd";"2016 januari";"Breda";"      59"
"Melding overlast jeugd";"2016  februari";"Breda";"      36"
"Melding overlast jeugd";"2016 maart";"Breda";"      67"
"Melding overlast jeugd";"2016 april";"Breda";"      93"
"Melding overlast jeugd";"2016 mei";"Breda";"     123"
"Melding overlast jeugd";"2016 juni";"Breda";"     137"
"Melding overlast jeugd";"2016 juli";"Breda";"     135"
"Melding overlast jeugd";"2016 augustus";"Breda";"      92"
"Melding overlast jeugd";"2016 september";"Breda";"     102"
"Melding overlast jeugd";"2016 oktober";"Breda";"      88"
"Melding overlast jeugd";"2016 november";"Breda";"      51"
"Melding overlast jeugd";"2016 december";"Breda";"      41"
"Melding overlast jeugd";"2016";"Breda";"    1024"
"Melding overlast jeugd";"2017 januari";"Breda";"      50"
"Melding overlast jeugd";"2017 februari";"Breda";"      58"
"Melding overlast jeugd";"2017 maart";"Breda";"      51"
"Melding overlast jeugd";"2017 april";"Breda";"      76"
"Melding overlast jeugd";"2017 mei";"Breda";"      70"
"Melding overlast jeugd";"2017 juni";"Breda";"      99"
"Melding overlast jeugd";"2017 juli";"Breda";"     104"
"Melding overlast jeugd";"2017 augustus";"Breda";"      73"
"Melding overlast jeugd";"2017 september";"Breda";"      42"
"Melding overlast jeugd";"2017 oktober";"Breda";"      59"
"Melding overlast jeugd";"2017 november";"Breda";"      50"
"Melding overlast jeugd";"2017 december";"Breda";"      46"
"Melding overlast jeugd";"2017";"Breda";"     778"
"Melding overlast jeugd";"2018 januari ";"Breda";"      33"
"Melding overlast jeugd";"2018 februari";"Breda";"      26"
"Melding overlast jeugd";"2018 maart";"Breda";"      28"
"Melding overlast jeugd";"2018 april";"Breda";"      50"
"Melding overlast jeugd";"2018 mei";"Breda";"      53"
"Melding overlast jeugd";"2018 juni";"Breda";"      71"
"Melding overlast jeugd";"2018 juli";"Breda";"      51"
"Melding overlast jeugd";"2018 augustus";"Breda";"      54"
"Melding overlast jeugd";"2018 september";"Breda";"      33"
"Melding overlast jeugd";"2018 oktober";"Breda";"      34"
"Melding overlast jeugd";"2018 november";"Breda";"      25"
"Melding overlast jeugd";"2018 december";"Breda";"      34"
"Melding overlast jeugd";"2018";"Breda";"     492"
"Melding overlast jeugd";"2019 januari";"Breda";"      30"
"Melding overlast jeugd";"2019 februari";"Breda";"      32"
"Melding overlast jeugd";"2019 maart";"Breda";"      27"
"Melding overlast jeugd";"2019 april";"Breda";"      51"
"Melding overlast jeugd";"2019 mei";"Breda";"      61"
"Melding overlast jeugd";"2019 juni";"Breda";"      64"
"Melding overlast jeugd";"2019 juli";"Breda";"      63"
"Melding overlast jeugd";"2019 augustus";"Breda";"      41"
"Melding overlast jeugd";"2019 september";"Breda";"      45"
"Melding overlast jeugd";"2019 oktober";"Breda";"      51"
"Melding overlast jeugd";"2019 november";"Breda";"      32"
"Melding overlast jeugd";"2019 december";"Breda";"      25"
"Melding overlast jeugd";"2019";"Breda";"     522"
"Melding overlast jeugd";"2020 januari";"Breda";"      29"
"Melding overlast jeugd";"2020 februari";"Breda";"      18"
"Melding overlast jeugd";"2020 maart";"Breda";"      61"
"Melding overlast jeugd";"2020 april";"Breda";"     124"
"Melding overlast jeugd";"2020 mei";"Breda";"     160"
"Melding overlast jeugd";"2020 juni";"Breda";"     120"
"Melding overlast jeugd";"2020 juli";"Breda";"     123"
"Melding overlast jeugd";"2020 augustus";"Breda";"     134"
"Melding overlast jeugd";"2020 september";"Breda";"      88"
"Melding overlast jeugd";"2020 oktober";"Breda";"      86"
"Melding overlast jeugd";"2020 november";"Breda";"      76"
"Melding overlast jeugd";"2020 december";"Breda";"      81"
"Melding overlast jeugd";"2020";"Breda";"    1100"
"Melding overlast jeugd";"2021 januari";"Breda";"      88"
"Melding overlast jeugd";"2021 februari";"Breda";"     103"
"Melding overlast jeugd";"2021 maart";"Breda";"     101"
"Melding overlast jeugd";"2021 april";"Breda";"     112"
"Melding overlast jeugd";"2021 mei";"Breda";"     107"
"Melding overlast jeugd";"2021 juni";"Breda";"     112"
"Melding overlast jeugd";"2021 juli";"Breda";"     119"
"Melding overlast jeugd";"2021 augustus";"Breda";"      72"
"Melding overlast jeugd";"2021 september";"Breda";"      79"
"Melding overlast jeugd";"2021 oktober";"Breda";"      66"
"Melding overlast jeugd";"2021  november";"Breda";"      43"
"Melding overlast jeugd";"2021 december";"Breda";"      75"
"Melding overlast jeugd";"2021";"Breda";"    1077"
"Melding overlast jeugd";"2022 januari";"Breda";"      52"
"Melding overlast jeugd";"2022 februari";"Breda";"      59"
"Melding overlast jeugd";"2022 maart";"Breda";"      67"
"Melding overlast jeugd";"2022 april";"Breda";"      80"
"Melding overlast jeugd";"2022 mei";"Breda";"      87"
"Melding overlast jeugd";"2022 juni";"Breda";"      84"
"Melding overlast jeugd";"2022 juli";"Breda";"     107"
"Melding overlast jeugd";"2022 augustus";"Breda";"      78"
"Melding overlast jeugd";"2022 september";"Breda";"      70"
"Melding overlast jeugd";"2022 oktober";"Breda";"      86"
"Melding overlast jeugd";"2022 november";"Breda";"      69"
"Melding overlast jeugd";"2022 december";"Breda";"      50"
"Melding overlast jeugd";"2022";"Breda";"     889"
"Melding overlast jeugd";"2023 januari";"Breda";"      49"
"Melding overlast jeugd";"2023 februari";"Breda";"      40"
"Melding overlast jeugd";"2023 maart";"Breda";"      64"
"Melding overlast jeugd";"2023 april";"Breda";"      94"
"Overlast ivm alcohol/ drugs";"2012 januari";"Breda";"      72"
"Overlast ivm alcohol/ drugs";"2012 februari";"Breda";"      99"
"Overlast ivm alcohol/ drugs";"2012 maart";"Breda";"      35"
"Overlast ivm alcohol/ drugs";"2012 april";"Breda";"      22"
"Overlast ivm alcohol/ drugs";"2012 mei";"Breda";"     111"
"Overlast ivm alcohol/ drugs";"2012 juni";"Breda";"      66"
"Overlast ivm alcohol/ drugs";"2012 juli";"Breda";"      93"
"Overlast ivm alcohol/ drugs";"2012 augustus";"Breda";"      61"
"Overlast ivm alcohol/ drugs";"2012 september";"Breda";"      53"
"Overlast ivm alcohol/ drugs";"2012 oktober";"Breda";"      42"
"Overlast ivm alcohol/ drugs";"2012 november";"Breda";"      28"
"Overlast ivm alcohol/ drugs";"2012 december";"Breda";"      12"
"Overlast ivm alcohol/ drugs";"2012";"Breda";"     694"
"Overlast ivm alcohol/ drugs";"2013 januari";"Breda";"      76"
"Overlast ivm alcohol/ drugs";"2013 februari";"Breda";"      28"
"Overlast ivm alcohol/ drugs";"2013 maart";"Breda";"      37"
"Overlast ivm alcohol/ drugs";"2013 april";"Breda";"      35"
"Overlast ivm alcohol/ drugs";"2013 mei";"Breda";"      46"
"Overlast ivm alcohol/ drugs";"2013 juni";"Breda";"      29"
"Overlast ivm alcohol/ drugs";"2013 juli";"Breda";"      34"
"Overlast ivm alcohol/ drugs";"2013 augustus";"Breda";"      26"
"Overlast ivm alcohol/ drugs";"2013 september";"Breda";"      44"
"Overlast ivm alcohol/ drugs";"2013 oktober";"Breda";"      23"
"Overlast ivm alcohol/ drugs";"2013 november";"Breda";"      38"
"Overlast ivm alcohol/ drugs";"2013 december";"Breda";"      21"
"Overlast ivm alcohol/ drugs";"2013";"Breda";"     437"
"Overlast ivm alcohol/ drugs";"2014 januari";"Breda";"      35"
"Overlast ivm alcohol/ drugs";"2014  februari";"Breda";"      52"
"Overlast ivm alcohol/ drugs";"2014 maart";"Breda";"      34"
"Overlast ivm alcohol/ drugs";"2014 april";"Breda";"      46"
"Overlast ivm alcohol/ drugs";"2014 mei";"Breda";"      51"
"Overlast ivm alcohol/ drugs";"2014 juni";"Breda";"      35"
"Overlast ivm alcohol/ drugs";"2014 juli";"Breda";"      54"
"Overlast ivm alcohol/ drugs";"2014 augustus";"Breda";"      36"
"Overlast ivm alcohol/ drugs";"2014 september ";"Breda";"      42"
"Overlast ivm alcohol/ drugs";"2014 oktober";"Breda";"      31"
"Overlast ivm alcohol/ drugs";"2014 november";"Breda";"      25"
"Overlast ivm alcohol/ drugs";"2014 december";"Breda";"      21"
"Overlast ivm alcohol/ drugs";"2014";"Breda";"     462"
"Overlast ivm alcohol/ drugs";"2015 januari";"Breda";"      19"
"Overlast ivm alcohol/ drugs";"2015  februari";"Breda";"      32"
"Overlast ivm alcohol/ drugs";"2015 maart";"Breda";"      21"
"Overlast ivm alcohol/ drugs";"2015 april";"Breda";"      43"
"Overlast ivm alcohol/ drugs";"2015 mei";"Breda";"      32"
"Overlast ivm alcohol/ drugs";"2015 juni";"Breda";"      40"
"Overlast ivm alcohol/ drugs";"2015 juli";"Breda";"      29"
"Overlast ivm alcohol/ drugs";"2015 augustus";"Breda";"      35"
"Overlast ivm alcohol/ drugs";"2015 september";"Breda";"      27"
"Overlast ivm alcohol/ drugs";"2015 oktober";"Breda";"      37"
"Overlast ivm alcohol/ drugs";"2015 november";"Breda";"      27"
"Overlast ivm alcohol/ drugs";"2015 december";"Breda";"      26"
"Overlast ivm alcohol/ drugs";"2015";"Breda";"     368"
"Overlast ivm alcohol/ drugs";"2016 januari";"Breda";"      28"
"Overlast ivm alcohol/ drugs";"2016  februari";"Breda";"      32"
"Overlast ivm alcohol/ drugs";"2016 maart";"Breda";"      34"
"Overlast ivm alcohol/ drugs";"2016 april";"Breda";"      32"
"Overlast ivm alcohol/ drugs";"2016 mei";"Breda";"      38"
"Overlast ivm alcohol/ drugs";"2016 juni";"Breda";"      46"
"Overlast ivm alcohol/ drugs";"2016 juli";"Breda";"      66"
"Overlast ivm alcohol/ drugs";"2016 augustus";"Breda";"      52"
"Overlast ivm alcohol/ drugs";"2016 september";"Breda";"      51"
"Overlast ivm alcohol/ drugs";"2016 oktober";"Breda";"      54"
"Overlast ivm alcohol/ drugs";"2016 november";"Breda";"      44"
"Overlast ivm alcohol/ drugs";"2016 december";"Breda";"      34"
"Overlast ivm alcohol/ drugs";"2016";"Breda";"     511"
"Overlast ivm alcohol/ drugs";"2017 januari";"Breda";"      42"
"Overlast ivm alcohol/ drugs";"2017 februari";"Breda";"      42"
"Overlast ivm alcohol/ drugs";"2017 maart";"Breda";"      45"
"Overlast ivm alcohol/ drugs";"2017 april";"Breda";"      44"
"Overlast ivm alcohol/ drugs";"2017 mei";"Breda";"      47"
"Overlast ivm alcohol/ drugs";"2017 juni";"Breda";"      48"
"Overlast ivm alcohol/ drugs";"2017 juli";"Breda";"      70"
"Overlast ivm alcohol/ drugs";"2017 augustus";"Breda";"      51"
"Overlast ivm alcohol/ drugs";"2017 september";"Breda";"      65"
"Overlast ivm alcohol/ drugs";"2017 oktober";"Breda";"      33"
"Overlast ivm alcohol/ drugs";"2017 november";"Breda";"      40"
"Overlast ivm alcohol/ drugs";"2017 december";"Breda";"      38"
"Overlast ivm alcohol/ drugs";"2017";"Breda";"     565"
"Overlast ivm alcohol/ drugs";"2018 januari ";"Breda";"      43"
"Overlast ivm alcohol/ drugs";"2018 februari";"Breda";"      38"
"Overlast ivm alcohol/ drugs";"2018 maart";"Breda";"      46"
"Overlast ivm alcohol/ drugs";"2018 april";"Breda";"      41"
"Overlast ivm alcohol/ drugs";"2018 mei";"Breda";"      52"
"Overlast ivm alcohol/ drugs";"2018 juni";"Breda";"      85"
"Overlast ivm alcohol/ drugs";"2018 juli";"Breda";"      55"
"Overlast ivm alcohol/ drugs";"2018 augustus";"Breda";"      69"
"Overlast ivm alcohol/ drugs";"2018 september";"Breda";"      51"
"Overlast ivm alcohol/ drugs";"2018 oktober";"Breda";"      61"
"Overlast ivm alcohol/ drugs";"2018 november";"Breda";"      52"
"Overlast ivm alcohol/ drugs";"2018 december";"Breda";"      54"
"Overlast ivm alcohol/ drugs";"2018";"Breda";"     647"
"Overlast ivm alcohol/ drugs";"2019 januari";"Breda";"      54"
"Overlast ivm alcohol/ drugs";"2019 februari";"Breda";"      42"
"Overlast ivm alcohol/ drugs";"2019 maart";"Breda";"      57"
"Overlast ivm alcohol/ drugs";"2019 april";"Breda";"      62"
"Overlast ivm alcohol/ drugs";"2019 mei";"Breda";"      63"
"Overlast ivm alcohol/ drugs";"2019 juni";"Breda";"      52"
"Overlast ivm alcohol/ drugs";"2019 juli";"Breda";"      56"
"Overlast ivm alcohol/ drugs";"2019 augustus";"Breda";"      55"
"Overlast ivm alcohol/ drugs";"2019 september";"Breda";"      74"
"Overlast ivm alcohol/ drugs";"2019 oktober";"Breda";"      48"
"Overlast ivm alcohol/ drugs";"2019 november";"Breda";"      61"
"Overlast ivm alcohol/ drugs";"2019 december";"Breda";"      45"
"Overlast ivm alcohol/ drugs";"2019";"Breda";"     669"
"Overlast ivm alcohol/ drugs";"2020 januari";"Breda";"      55"
"Overlast ivm alcohol/ drugs";"2020 februari";"Breda";"      50"
"Overlast ivm alcohol/ drugs";"2020 maart";"Breda";"      67"
"Overlast ivm alcohol/ drugs";"2020 april";"Breda";"      61"
"Overlast ivm alcohol/ drugs";"2020 mei";"Breda";"      74"
"Overlast ivm alcohol/ drugs";"2020 juni";"Breda";"      76"
"Overlast ivm alcohol/ drugs";"2020 juli";"Breda";"      66"
"Overlast ivm alcohol/ drugs";"2020 augustus";"Breda";"      84"
"Overlast ivm alcohol/ drugs";"2020 september";"Breda";"      52"
"Overlast ivm alcohol/ drugs";"2020 oktober";"Breda";"      84"
"Overlast ivm alcohol/ drugs";"2020 november";"Breda";"      52"
"Overlast ivm alcohol/ drugs";"2020 december";"Breda";"      28"
"Overlast ivm alcohol/ drugs";"2020";"Breda";"     749"
"Overlast ivm alcohol/ drugs";"2021 januari";"Breda";"      43"
"Overlast ivm alcohol/ drugs";"2021 februari";"Breda";"      37"
"Overlast ivm alcohol/ drugs";"2021 maart";"Breda";"      58"
"Overlast ivm alcohol/ drugs";"2021 april";"Breda";"      55"
"Overlast ivm alcohol/ drugs";"2021 mei";"Breda";"      51"
"Overlast ivm alcohol/ drugs";"2021 juni";"Breda";"      44"
"Overlast ivm alcohol/ drugs";"2021 juli";"Breda";"      61"
"Overlast ivm alcohol/ drugs";"2021 augustus";"Breda";"      58"
"Overlast ivm alcohol/ drugs";"2021 september";"Breda";"      43"
"Overlast ivm alcohol/ drugs";"2021 oktober";"Breda";"      37"
"Overlast ivm alcohol/ drugs";"2021  november";"Breda";"      33"
"Overlast ivm alcohol/ drugs";"2021 december";"Breda";"      27"
"Overlast ivm alcohol/ drugs";"2021";"Breda";"     547"
"Overlast ivm alcohol/ drugs";"2022 januari";"Breda";"      38"
"Overlast ivm alcohol/ drugs";"2022 februari";"Breda";"      52"
"Overlast ivm alcohol/ drugs";"2022 maart";"Breda";"      49"
"Overlast ivm alcohol/ drugs";"2022 april";"Breda";"      52"
"Overlast ivm alcohol/ drugs";"2022 mei";"Breda";"      56"
"Overlast ivm alcohol/ drugs";"2022 juni";"Breda";"      53"
"Overlast ivm alcohol/ drugs";"2022 juli";"Breda";"      68"
"Overlast ivm alcohol/ drugs";"2022 augustus";"Breda";"      73"
"Overlast ivm alcohol/ drugs";"2022 september";"Breda";"      49"
"Overlast ivm alcohol/ drugs";"2022 oktober";"Breda";"      74"
"Overlast ivm alcohol/ drugs";"2022 november";"Breda";"      62"
"Overlast ivm alcohol/ drugs";"2022 december";"Breda";"      49"
"Overlast ivm alcohol/ drugs";"2022";"Breda";"     675"
"Overlast ivm alcohol/ drugs";"2023 januari";"Breda";"      44"
"Overlast ivm alcohol/ drugs";"2023 februari";"Breda";"      71"
"Overlast ivm alcohol/ drugs";"2023 maart";"Breda";"      52"
"Overlast ivm alcohol/ drugs";"2023 april";"Breda";"      74"
"Overlast zwervers";"2012 januari";"Breda";"      15"
"Overlast zwervers";"2012 februari";"Breda";"       8"
"Overlast zwervers";"2012 maart";"Breda";"      29"
"Overlast zwervers";"2012 april";"Breda";"      30"
"Overlast zwervers";"2012 mei";"Breda";"      26"
"Overlast zwervers";"2012 juni";"Breda";"      22"
"Overlast zwervers";"2012 juli";"Breda";"      21"
"Overlast zwervers";"2012 augustus";"Breda";"      25"
"Overlast zwervers";"2012 september";"Breda";"      31"
"Overlast zwervers";"2012 oktober";"Breda";"      23"
"Overlast zwervers";"2012 november";"Breda";"      17"
"Overlast zwervers";"2012 december";"Breda";"      16"
"Overlast zwervers";"2012";"Breda";"     263"
"Overlast zwervers";"2013 januari";"Breda";"      13"
"Overlast zwervers";"2013 februari";"Breda";"      18"
"Overlast zwervers";"2013 maart";"Breda";"      13"
"Overlast zwervers";"2013 april";"Breda";"      12"
"Overlast zwervers";"2013 mei";"Breda";"      41"
"Overlast zwervers";"2013 juni";"Breda";"      20"
"Overlast zwervers";"2013 juli";"Breda";"      10"
"Overlast zwervers";"2013 augustus";"Breda";"      11"
"Overlast zwervers";"2013 september";"Breda";"      22"
"Overlast zwervers";"2013 oktober";"Breda";"      32"
"Overlast zwervers";"2013 november";"Breda";"      35"
"Overlast zwervers";"2013 december";"Breda";"      17"
"Overlast zwervers";"2013";"Breda";"     244"
"Overlast zwervers";"2014 januari";"Breda";"      22"
"Overlast zwervers";"2014  februari";"Breda";"      15"
"Overlast zwervers";"2014 maart";"Breda";"      28"
"Overlast zwervers";"2014 april";"Breda";"      26"
"Overlast zwervers";"2014 mei";"Breda";"      24"
"Overlast zwervers";"2014 juni";"Breda";"      27"
"Overlast zwervers";"2014 juli";"Breda";"      34"
"Overlast zwervers";"2014 augustus";"Breda";"      44"
"Overlast zwervers";"2014 september ";"Breda";"      22"
"Overlast zwervers";"2014 oktober";"Breda";"      25"
"Overlast zwervers";"2014 november";"Breda";"      41"
"Overlast zwervers";"2014 december";"Breda";"      29"
"Overlast zwervers";"2014";"Breda";"     337"
"Overlast zwervers";"2015 januari";"Breda";"      19"
"Overlast zwervers";"2015  februari";"Breda";"      29"
"Overlast zwervers";"2015 maart";"Breda";"      15"
"Overlast zwervers";"2015 april";"Breda";"      29"
"Overlast zwervers";"2015 mei";"Breda";"      35"
"Overlast zwervers";"2015 juni";"Breda";"      54"
"Overlast zwervers";"2015 juli";"Breda";"      34"
"Overlast zwervers";"2015 augustus";"Breda";"      46"
"Overlast zwervers";"2015 september";"Breda";"      34"
"Overlast zwervers";"2015 oktober";"Breda";"      33"
"Overlast zwervers";"2015 november";"Breda";"      36"
"Overlast zwervers";"2015 december";"Breda";"      44"
"Overlast zwervers";"2015";"Breda";"     408"
"Overlast zwervers";"2016 januari";"Breda";"      32"
"Overlast zwervers";"2016  februari";"Breda";"      27"
"Overlast zwervers";"2016 maart";"Breda";"      48"
"Overlast zwervers";"2016 april";"Breda";"      49"
"Overlast zwervers";"2016 mei";"Breda";"      46"
"Overlast zwervers";"2016 juni";"Breda";"      38"
"Overlast zwervers";"2016 juli";"Breda";"      64"
"Overlast zwervers";"2016 augustus";"Breda";"      43"
"Overlast zwervers";"2016 september";"Breda";"      46"
"Overlast zwervers";"2016 oktober";"Breda";"      65"
"Overlast zwervers";"2016 november";"Breda";"      32"
"Overlast zwervers";"2016 december";"Breda";"      30"
"Overlast zwervers";"2016";"Breda";"     520"
"Overlast zwervers";"2017 januari";"Breda";"      39"
"Overlast zwervers";"2017 februari";"Breda";"      30"
"Overlast zwervers";"2017 maart";"Breda";"      26"
"Overlast zwervers";"2017 april";"Breda";"      36"
"Overlast zwervers";"2017 mei";"Breda";"      31"
"Overlast zwervers";"2017 juni";"Breda";"      39"
"Overlast zwervers";"2017 juli";"Breda";"      55"
"Overlast zwervers";"2017 augustus";"Breda";"      41"
"Overlast zwervers";"2017 september";"Breda";"      33"
"Overlast zwervers";"2017 oktober";"Breda";"      32"
"Overlast zwervers";"2017 november";"Breda";"      29"
"Overlast zwervers";"2017 december";"Breda";"      31"
"Overlast zwervers";"2017";"Breda";"     422"
"Overlast zwervers";"2018 januari ";"Breda";"      13"
"Overlast zwervers";"2018 februari";"Breda";"      12"
"Overlast zwervers";"2018 maart";"Breda";"      16"
"Overlast zwervers";"2018 april";"Breda";"      21"
"Overlast zwervers";"2018 mei";"Breda";"      20"
"Overlast zwervers";"2018 juni";"Breda";"      28"
"Overlast zwervers";"2018 juli";"Breda";"      21"
"Overlast zwervers";"2018 augustus";"Breda";"      32"
"Overlast zwervers";"2018 september";"Breda";"      20"
"Overlast zwervers";"2018 oktober";"Breda";"      22"
"Overlast zwervers";"2018 november";"Breda";"      10"
"Overlast zwervers";"2018 december";"Breda";"      25"
"Overlast zwervers";"2018";"Breda";"     240"
"Overlast zwervers";"2019 januari";"Breda";"      29"
"Overlast zwervers";"2019 februari";"Breda";"      19"
"Overlast zwervers";"2019 maart";"Breda";"      27"
"Overlast zwervers";"2019 april";"Breda";"      31"
"Overlast zwervers";"2019 mei";"Breda";"      19"
"Overlast zwervers";"2019 juni";"Breda";"      19"
"Overlast zwervers";"2019 juli";"Breda";"      23"
"Overlast zwervers";"2019 augustus";"Breda";"      42"
"Overlast zwervers";"2019 september";"Breda";"      24"
"Overlast zwervers";"2019 oktober";"Breda";"      20"
"Overlast zwervers";"2019 november";"Breda";"      29"
"Overlast zwervers";"2019 december";"Breda";"      31"
"Overlast zwervers";"2019";"Breda";"     313"
"Overlast zwervers";"2020 januari";"Breda";"      47"
"Overlast zwervers";"2020 februari";"Breda";"      41"
"Overlast zwervers";"2020 maart";"Breda";"      46"
"Overlast zwervers";"2020 april";"Breda";"      64"
"Overlast zwervers";"2020 mei";"Breda";"      83"
"Overlast zwervers";"2020 juni";"Breda";"      90"
"Overlast zwervers";"2020 juli";"Breda";"      82"
"Overlast zwervers";"2020 augustus";"Breda";"      55"
"Overlast zwervers";"2020 september";"Breda";"      54"
"Overlast zwervers";"2020 oktober";"Breda";"      61"
"Overlast zwervers";"2020 november";"Breda";"      30"
"Overlast zwervers";"2020 december";"Breda";"      25"
"Overlast zwervers";"2020";"Breda";"     678"
"Overlast zwervers";"2021 januari";"Breda";"      36"
"Overlast zwervers";"2021 februari";"Breda";"      40"
"Overlast zwervers";"2021 maart";"Breda";"      37"
"Overlast zwervers";"2021 april";"Breda";"      23"
"Overlast zwervers";"2021 mei";"Breda";"      36"
"Overlast zwervers";"2021 juni";"Breda";"      27"
"Overlast zwervers";"2021 juli";"Breda";"      35"
"Overlast zwervers";"2021 augustus";"Breda";"      41"
"Overlast zwervers";"2021 september";"Breda";"      32"
"Overlast zwervers";"2021 oktober";"Breda";"      18"
"Overlast zwervers";"2021  november";"Breda";"      53"
"Overlast zwervers";"2021 december";"Breda";"      62"
"Overlast zwervers";"2021";"Breda";"     440"
"Overlast zwervers";"2022 januari";"Breda";"      42"
"Overlast zwervers";"2022 februari";"Breda";"      46"
"Overlast zwervers";"2022 maart";"Breda";"      37"
"Overlast zwervers";"2022 april";"Breda";"      44"
"Overlast zwervers";"2022 mei";"Breda";"      39"
"Overlast zwervers";"2022 juni";"Breda";"      40"
"Overlast zwervers";"2022 juli";"Breda";"      36"
"Overlast zwervers";"2022 augustus";"Breda";"      49"
"Overlast zwervers";"2022 september";"Breda";"      42"
"Overlast zwervers";"2022 oktober";"Breda";"      42"
"Overlast zwervers";"2022 november";"Breda";"      49"
"Overlast zwervers";"2022 december";"Breda";"      32"
"Overlast zwervers";"2022";"Breda";"     498"
"Overlast zwervers";"2023 januari";"Breda";"      67"
"Overlast zwervers";"2023 februari";"Breda";"      44"
"Overlast zwervers";"2023 maart";"Breda";"      68"
"Overlast zwervers";"2023 april";"Breda";"      77"
"Openbare dronkenschap";"2012 januari";"Breda";"       0"
"Openbare dronkenschap";"2012 februari";"Breda";"       0"
"Openbare dronkenschap";"2012 maart";"Breda";"       0"
"Openbare dronkenschap";"2012 april";"Breda";"       1"
"Openbare dronkenschap";"2012 mei";"Breda";"       1"
"Openbare dronkenschap";"2012 juni";"Breda";"       0"
"Openbare dronkenschap";"2012 juli";"Breda";"       6"
"Openbare dronkenschap";"2012 augustus";"Breda";"      15"
"Openbare dronkenschap";"2012 september";"Breda";"      20"
"Openbare dronkenschap";"2012 oktober";"Breda";"       8"
"Openbare dronkenschap";"2012 november";"Breda";"       7"
"Openbare dronkenschap";"2012 december";"Breda";"       8"
"Openbare dronkenschap";"2012";"Breda";"      66"
"Openbare dronkenschap";"2013 januari";"Breda";"       5"
"Openbare dronkenschap";"2013 februari";"Breda";"      15"
"Openbare dronkenschap";"2013 maart";"Breda";"       9"
"Openbare dronkenschap";"2013 april";"Breda";"       5"
"Openbare dronkenschap";"2013 mei";"Breda";"       1"
"Openbare dronkenschap";"2013 juni";"Breda";"       3"
"Openbare dronkenschap";"2013 juli";"Breda";"       4"
"Openbare dronkenschap";"2013 augustus";"Breda";"       9"
"Openbare dronkenschap";"2013 september";"Breda";"       4"
"Openbare dronkenschap";"2013 oktober";"Breda";"       9"
"Openbare dronkenschap";"2013 november";"Breda";"      10"
"Openbare dronkenschap";"2013 december";"Breda";"       8"
"Openbare dronkenschap";"2013";"Breda";"      82"
"Openbare dronkenschap";"2014 januari";"Breda";"       7"
"Openbare dronkenschap";"2014  februari";"Breda";"       7"
"Openbare dronkenschap";"2014 maart";"Breda";"       8"
"Openbare dronkenschap";"2014 april";"Breda";"       9"
"Openbare dronkenschap";"2014 mei";"Breda";"       6"
"Openbare dronkenschap";"2014 juni";"Breda";"       6"
"Openbare dronkenschap";"2014 juli";"Breda";"       3"
"Openbare dronkenschap";"2014 augustus";"Breda";"       4"
"Openbare dronkenschap";"2014 september ";"Breda";"       3"
"Openbare dronkenschap";"2014 oktober";"Breda";"       3"
"Openbare dronkenschap";"2014 november";"Breda";"       4"
"Openbare dronkenschap";"2014 december";"Breda";"       5"
"Openbare dronkenschap";"2014";"Breda";"      65"
"Openbare dronkenschap";"2015 januari";"Breda";"       4"
"Openbare dronkenschap";"2015  februari";"Breda";"       4"
"Openbare dronkenschap";"2015 maart";"Breda";"       4"
"Openbare dronkenschap";"2015 april";"Breda";"       4"
"Openbare dronkenschap";"2015 mei";"Breda";"       3"
"Openbare dronkenschap";"2015 juni";"Breda";"       4"
"Openbare dronkenschap";"2015 juli";"Breda";"       4"
"Openbare dronkenschap";"2015 augustus";"Breda";"       7"
"Openbare dronkenschap";"2015 september";"Breda";"       6"
"Openbare dronkenschap";"2015 oktober";"Breda";"       3"
"Openbare dronkenschap";"2015 november";"Breda";"       3"
"Openbare dronkenschap";"2015 december";"Breda";"       7"
"Openbare dronkenschap";"2015";"Breda";"      53"
"Openbare dronkenschap";"2016 januari";"Breda";"       6"
"Openbare dronkenschap";"2016  februari";"Breda";"       6"
"Openbare dronkenschap";"2016 maart";"Breda";"       3"
"Openbare dronkenschap";"2016 april";"Breda";"       4"
"Openbare dronkenschap";"2016 mei";"Breda";"       3"
"Openbare dronkenschap";"2016 juni";"Breda";"       6"
"Openbare dronkenschap";"2016 juli";"Breda";"       4"
"Openbare dronkenschap";"2016 augustus";"Breda";"       3"
"Openbare dronkenschap";"2016 september";"Breda";"       5"
"Openbare dronkenschap";"2016 oktober";"Breda";"      10"
"Openbare dronkenschap";"2016 november";"Breda";"       4"
"Openbare dronkenschap";"2016 december";"Breda";"       5"
"Openbare dronkenschap";"2016";"Breda";"      59"
"Openbare dronkenschap";"2017 januari";"Breda";"       9"
"Openbare dronkenschap";"2017 februari";"Breda";"       7"
"Openbare dronkenschap";"2017 maart";"Breda";"       5"
"Openbare dronkenschap";"2017 april";"Breda";"       7"
"Openbare dronkenschap";"2017 mei";"Breda";"       2"
"Openbare dronkenschap";"2017 juni";"Breda";"       4"
"Openbare dronkenschap";"2017 juli";"Breda";"       3"
"Openbare dronkenschap";"2017 augustus";"Breda";"       2"
"Openbare dronkenschap";"2017 september";"Breda";"       1"
"Openbare dronkenschap";"2017 oktober";"Breda";"       3"
"Openbare dronkenschap";"2017 november";"Breda";"       2"
"Openbare dronkenschap";"2017 december";"Breda";"       3"
"Openbare dronkenschap";"2017";"Breda";"      48"
"Openbare dronkenschap";"2018 januari ";"Breda";"       3"
"Openbare dronkenschap";"2018 februari";"Breda";"       2"
"Openbare dronkenschap";"2018 maart";"Breda";"       2"
"Openbare dronkenschap";"2018 april";"Breda";"       8"
"Openbare dronkenschap";"2018 mei";"Breda";"       4"
"Openbare dronkenschap";"2018 juni";"Breda";"       2"
"Openbare dronkenschap";"2018 juli";"Breda";"       2"
"Openbare dronkenschap";"2018 augustus";"Breda";"       5"
"Openbare dronkenschap";"2018 september";"Breda";"       2"
"Openbare dronkenschap";"2018 oktober";"Breda";"       2"
"Openbare dronkenschap";"2018 november";"Breda";"       4"
"Openbare dronkenschap";"2018 december";"Breda";"       8"
"Openbare dronkenschap";"2018";"Breda";"      44"
"Openbare dronkenschap";"2019 januari";"Breda";"       4"
"Openbare dronkenschap";"2019 februari";"Breda";"       3"
"Openbare dronkenschap";"2019 maart";"Breda";"       6"
"Openbare dronkenschap";"2019 april";"Breda";"       8"
"Openbare dronkenschap";"2019 mei";"Breda";"       3"
"Openbare dronkenschap";"2019 juni";"Breda";"      12"
"Openbare dronkenschap";"2019 juli";"Breda";"       4"
"Openbare dronkenschap";"2019 augustus";"Breda";"       2"
"Openbare dronkenschap";"2019 september";"Breda";"       0"
"Openbare dronkenschap";"2019 oktober";"Breda";"       7"
"Openbare dronkenschap";"2019 november";"Breda";"       5"
"Openbare dronkenschap";"2019 december";"Breda";"       6"
"Openbare dronkenschap";"2019";"Breda";"      60"
"Openbare dronkenschap";"2020 januari";"Breda";"       3"
"Openbare dronkenschap";"2020 februari";"Breda";"       1"
"Openbare dronkenschap";"2020 maart";"Breda";"       3"
"Openbare dronkenschap";"2020 april";"Breda";"       1"
"Openbare dronkenschap";"2020 mei";"Breda";"       2"
"Openbare dronkenschap";"2020 juni";"Breda";"       6"
"Openbare dronkenschap";"2020 juli";"Breda";"       3"
"Openbare dronkenschap";"2020 augustus";"Breda";"       2"
"Openbare dronkenschap";"2020 september";"Breda";"       6"
"Openbare dronkenschap";"2020 oktober";"Breda";"       2"
"Openbare dronkenschap";"2020 november";"Breda";"       0"
"Openbare dronkenschap";"2020 december";"Breda";"       1"
"Openbare dronkenschap";"2020";"Breda";"      30"
"Openbare dronkenschap";"2021 januari";"Breda";"       0"
"Openbare dronkenschap";"2021 februari";"Breda";"       4"
"Openbare dronkenschap";"2021 maart";"Breda";"       2"
"Openbare dronkenschap";"2021 april";"Breda";"       3"
"Openbare dronkenschap";"2021 mei";"Breda";"       2"
"Openbare dronkenschap";"2021 juni";"Breda";"       1"
"Openbare dronkenschap";"2021 juli";"Breda";"       1"
"Openbare dronkenschap";"2021 augustus";"Breda";"       0"
"Openbare dronkenschap";"2021 september";"Breda";"       1"
"Openbare dronkenschap";"2021 oktober";"Breda";"      11"
"Openbare dronkenschap";"2021  november";"Breda";"       1"
"Openbare dronkenschap";"2021 december";"Breda";"       2"
"Openbare dronkenschap";"2021";"Breda";"      28"
"Openbare dronkenschap";"2022 januari";"Breda";"       4"
"Openbare dronkenschap";"2022 februari";"Breda";"       2"
"Openbare dronkenschap";"2022 maart";"Breda";"       3"
"Openbare dronkenschap";"2022 april";"Breda";"       6"
"Openbare dronkenschap";"2022 mei";"Breda";"       4"
"Openbare dronkenschap";"2022 juni";"Breda";"       4"
"Openbare dronkenschap";"2022 juli";"Breda";"       2"
"Openbare dronkenschap";"2022 augustus";"Breda";"       2"
"Openbare dronkenschap";"2022 september";"Breda";"       5"
"Openbare dronkenschap";"2022 oktober";"Breda";"       5"
"Openbare dronkenschap";"2022 november";"Breda";"       7"
"Openbare dronkenschap";"2022 december";"Breda";"       5"
"Openbare dronkenschap";"2022";"Breda";"      49"
"Openbare dronkenschap";"2023 januari";"Breda";"       4"
"Openbare dronkenschap";"2023 februari";"Breda";"       3"
"Openbare dronkenschap";"2023 maart";"Breda";"       2"
"Openbare dronkenschap";"2023 april";"Breda";"       5"
"Geluidshinder horeca";"2012 januari";"Breda";"       7"
"Geluidshinder horeca";"2012 februari";"Breda";"       5"
"Geluidshinder horeca";"2012 maart";"Breda";"       4"
"Geluidshinder horeca";"2012 april";"Breda";"       1"
"Geluidshinder horeca";"2012 mei";"Breda";"       3"
"Geluidshinder horeca";"2012 juni";"Breda";"       7"
"Geluidshinder horeca";"2012 juli";"Breda";"       7"
"Geluidshinder horeca";"2012 augustus";"Breda";"       5"
"Geluidshinder horeca";"2012 september";"Breda";"       7"
"Geluidshinder horeca";"2012 oktober";"Breda";"       7"
"Geluidshinder horeca";"2012 november";"Breda";"       4"
"Geluidshinder horeca";"2012 december";"Breda";"       1"
"Geluidshinder horeca";"2012";"Breda";"      58"
"Geluidshinder horeca";"2013 januari";"Breda";"       3"
"Geluidshinder horeca";"2013 februari";"Breda";"       3"
"Geluidshinder horeca";"2013 maart";"Breda";"       0"
"Geluidshinder horeca";"2013 april";"Breda";"       4"
"Geluidshinder horeca";"2013 mei";"Breda";"      11"
"Geluidshinder horeca";"2013 juni";"Breda";"       3"
"Geluidshinder horeca";"2013 juli";"Breda";"      14"
"Geluidshinder horeca";"2013 augustus";"Breda";"      13"
"Geluidshinder horeca";"2013 september";"Breda";"      14"
"Geluidshinder horeca";"2013 oktober";"Breda";"       3"
"Geluidshinder horeca";"2013 november";"Breda";"       6"
"Geluidshinder horeca";"2013 december";"Breda";"       2"
"Geluidshinder horeca";"2013";"Breda";"      76"
"Geluidshinder horeca";"2014 januari";"Breda";"       3"
"Geluidshinder horeca";"2014  februari";"Breda";"       3"
"Geluidshinder horeca";"2014 maart";"Breda";"       4"
"Geluidshinder horeca";"2014 april";"Breda";"      12"
"Geluidshinder horeca";"2014 mei";"Breda";"       2"
"Geluidshinder horeca";"2014 juni";"Breda";"       9"
"Geluidshinder horeca";"2014 juli";"Breda";"       6"
"Geluidshinder horeca";"2014 augustus";"Breda";"       8"
"Geluidshinder horeca";"2014 september ";"Breda";"      13"
"Geluidshinder horeca";"2014 oktober";"Breda";"       4"
"Geluidshinder horeca";"2014 november";"Breda";"       1"
"Geluidshinder horeca";"2014 december";"Breda";"       2"
"Geluidshinder horeca";"2014";"Breda";"      67"
"Geluidshinder horeca";"2015 januari";"Breda";"       5"
"Geluidshinder horeca";"2015  februari";"Breda";"       7"
"Geluidshinder horeca";"2015 maart";"Breda";"       2"
"Geluidshinder horeca";"2015 april";"Breda";"       3"
"Geluidshinder horeca";"2015 mei";"Breda";"       4"
"Geluidshinder horeca";"2015 juni";"Breda";"       8"
"Geluidshinder horeca";"2015 juli";"Breda";"      10"
"Geluidshinder horeca";"2015 augustus";"Breda";"       7"
"Geluidshinder horeca";"2015 september";"Breda";"       4"
"Geluidshinder horeca";"2015 oktober";"Breda";"       3"
"Geluidshinder horeca";"2015 november";"Breda";"       6"
"Geluidshinder horeca";"2015 december";"Breda";"       4"
"Geluidshinder horeca";"2015";"Breda";"      63"
"Geluidshinder horeca";"2016 januari";"Breda";"       7"
"Geluidshinder horeca";"2016  februari";"Breda";"       7"
"Geluidshinder horeca";"2016 maart";"Breda";"       5"
"Geluidshinder horeca";"2016 april";"Breda";"       3"
"Geluidshinder horeca";"2016 mei";"Breda";"       8"
"Geluidshinder horeca";"2016 juni";"Breda";"       8"
"Geluidshinder horeca";"2016 juli";"Breda";"       8"
"Geluidshinder horeca";"2016 augustus";"Breda";"       5"
"Geluidshinder horeca";"2016 september";"Breda";"       7"
"Geluidshinder horeca";"2016 oktober";"Breda";"       6"
"Geluidshinder horeca";"2016 november";"Breda";"       4"
"Geluidshinder horeca";"2016 december";"Breda";"       4"
"Geluidshinder horeca";"2016";"Breda";"      72"
"Geluidshinder horeca";"2017 januari";"Breda";"       6"
"Geluidshinder horeca";"2017 februari";"Breda";"       5"
"Geluidshinder horeca";"2017 maart";"Breda";"       7"
"Geluidshinder horeca";"2017 april";"Breda";"      11"
"Geluidshinder horeca";"2017 mei";"Breda";"       3"
"Geluidshinder horeca";"2017 juni";"Breda";"       6"
"Geluidshinder horeca";"2017 juli";"Breda";"       4"
"Geluidshinder horeca";"2017 augustus";"Breda";"       1"
"Geluidshinder horeca";"2017 september";"Breda";"       3"
"Geluidshinder horeca";"2017 oktober";"Breda";"       3"
"Geluidshinder horeca";"2017 november";"Breda";"       1"
"Geluidshinder horeca";"2017 december";"Breda";"       4"
"Geluidshinder horeca";"2017";"Breda";"      54"
"Geluidshinder horeca";"2018 januari ";"Breda";"       1"
"Geluidshinder horeca";"2018 februari";"Breda";"       4"
"Geluidshinder horeca";"2018 maart";"Breda";"       3"
"Geluidshinder horeca";"2018 april";"Breda";"       5"
"Geluidshinder horeca";"2018 mei";"Breda";"       3"
"Geluidshinder horeca";"2018 juni";"Breda";"       6"
"Geluidshinder horeca";"2018 juli";"Breda";"       6"
"Geluidshinder horeca";"2018 augustus";"Breda";"       6"
"Geluidshinder horeca";"2018 september";"Breda";"       8"
"Geluidshinder horeca";"2018 oktober";"Breda";"       6"
"Geluidshinder horeca";"2018 november";"Breda";"       5"
"Geluidshinder horeca";"2018 december";"Breda";"       3"
"Geluidshinder horeca";"2018";"Breda";"      56"
"Geluidshinder horeca";"2019 januari";"Breda";"       1"
"Geluidshinder horeca";"2019 februari";"Breda";"       3"
"Geluidshinder horeca";"2019 maart";"Breda";"       3"
"Geluidshinder horeca";"2019 april";"Breda";"       1"
"Geluidshinder horeca";"2019 mei";"Breda";"       2"
"Geluidshinder horeca";"2019 juni";"Breda";"       5"
"Geluidshinder horeca";"2019 juli";"Breda";"      10"
"Geluidshinder horeca";"2019 augustus";"Breda";"       7"
"Geluidshinder horeca";"2019 september";"Breda";"       5"
"Geluidshinder horeca";"2019 oktober";"Breda";"       1"
"Geluidshinder horeca";"2019 november";"Breda";"       2"
"Geluidshinder horeca";"2019 december";"Breda";"       2"
"Geluidshinder horeca";"2019";"Breda";"      42"
"Geluidshinder horeca";"2020 januari";"Breda";"       6"
"Geluidshinder horeca";"2020 februari";"Breda";"       2"
"Geluidshinder horeca";"2020 maart";"Breda";"       4"
"Geluidshinder horeca";"2020 april";"Breda";"       1"
"Geluidshinder horeca";"2020 mei";"Breda";"       0"
"Geluidshinder horeca";"2020 juni";"Breda";"       6"
"Geluidshinder horeca";"2020 juli";"Breda";"       6"
"Geluidshinder horeca";"2020 augustus";"Breda";"       5"
"Geluidshinder horeca";"2020 september";"Breda";"       3"
"Geluidshinder horeca";"2020 oktober";"Breda";"       0"
"Geluidshinder horeca";"2020 november";"Breda";"       1"
"Geluidshinder horeca";"2020 december";"Breda";"       0"
"Geluidshinder horeca";"2020";"Breda";"      34"
"Geluidshinder horeca";"2021 januari";"Breda";"       0"
"Geluidshinder horeca";"2021 februari";"Breda";"       0"
"Geluidshinder horeca";"2021 maart";"Breda";"       0"
"Geluidshinder horeca";"2021 april";"Breda";"       0"
"Geluidshinder horeca";"2021 mei";"Breda";"       1"
"Geluidshinder horeca";"2021 juni";"Breda";"       0"
"Geluidshinder horeca";"2021 juli";"Breda";"       5"
"Geluidshinder horeca";"2021 augustus";"Breda";"       7"
"Geluidshinder horeca";"2021 september";"Breda";"       1"
"Geluidshinder horeca";"2021 oktober";"Breda";"       4"
"Geluidshinder horeca";"2021  november";"Breda";"       1"
"Geluidshinder horeca";"2021 december";"Breda";"       0"
"Geluidshinder horeca";"2021";"Breda";"      19"
"Geluidshinder horeca";"2022 januari";"Breda";"       2"
"Geluidshinder horeca";"2022 februari";"Breda";"       0"
"Geluidshinder horeca";"2022 maart";"Breda";"       3"
"Geluidshinder horeca";"2022 april";"Breda";"       4"
"Geluidshinder horeca";"2022 mei";"Breda";"       0"
"Geluidshinder horeca";"2022 juni";"Breda";"       1"
"Geluidshinder horeca";"2022 juli";"Breda";"       6"
"Geluidshinder horeca";"2022 augustus";"Breda";"       0"
"Geluidshinder horeca";"2022 september";"Breda";"       2"
"Geluidshinder horeca";"2022 oktober";"Breda";"       5"
"Geluidshinder horeca";"2022 november";"Breda";"       3"
"Geluidshinder horeca";"2022 december";"Breda";"       1"
"Geluidshinder horeca";"2022";"Breda";"      27"
"Geluidshinder horeca";"2023 januari";"Breda";"       0"
"Geluidshinder horeca";"2023 februari";"Breda";"       2"
"Geluidshinder horeca";"2023 maart";"Breda";"       2"
"Geluidshinder horeca";"2023 april";"Breda";"       2"
"Geluidshinder evenement";"2012 januari";"Breda";"       0"
"Geluidshinder evenement";"2012 februari";"Breda";"       1"
"Geluidshinder evenement";"2012 maart";"Breda";"       0"
"Geluidshinder evenement";"2012 april";"Breda";"       2"
"Geluidshinder evenement";"2012 mei";"Breda";"       4"
"Geluidshinder evenement";"2012 juni";"Breda";"       0"
"Geluidshinder evenement";"2012 juli";"Breda";"       1"
"Geluidshinder evenement";"2012 augustus";"Breda";"       0"
"Geluidshinder evenement";"2012 september";"Breda";"       0"
"Geluidshinder evenement";"2012 oktober";"Breda";"       2"
"Geluidshinder evenement";"2012 november";"Breda";"       1"
"Geluidshinder evenement";"2012 december";"Breda";"       0"
"Geluidshinder evenement";"2012";"Breda";"      11"
"Geluidshinder evenement";"2013 januari";"Breda";"       1"
"Geluidshinder evenement";"2013 februari";"Breda";"       0"
"Geluidshinder evenement";"2013 maart";"Breda";"       0"
"Geluidshinder evenement";"2013 april";"Breda";"       0"
"Geluidshinder evenement";"2013 mei";"Breda";"       4"
"Geluidshinder evenement";"2013 juni";"Breda";"       1"
"Geluidshinder evenement";"2013 juli";"Breda";"       2"
"Geluidshinder evenement";"2013 augustus";"Breda";"       3"
"Geluidshinder evenement";"2013 september";"Breda";"       2"
"Geluidshinder evenement";"2013 oktober";"Breda";"       1"
"Geluidshinder evenement";"2013 november";"Breda";"       0"
"Geluidshinder evenement";"2013 december";"Breda";"       4"
"Geluidshinder evenement";"2013";"Breda";"      18"
"Geluidshinder evenement";"2014 januari";"Breda";"       0"
"Geluidshinder evenement";"2014  februari";"Breda";"       0"
"Geluidshinder evenement";"2014 maart";"Breda";"       1"
"Geluidshinder evenement";"2014 april";"Breda";"       2"
"Geluidshinder evenement";"2014 mei";"Breda";"       1"
"Geluidshinder evenement";"2014 juni";"Breda";"       2"
"Geluidshinder evenement";"2014 juli";"Breda";"       0"
"Geluidshinder evenement";"2014 augustus";"Breda";"       3"
"Geluidshinder evenement";"2014 september ";"Breda";"       2"
"Geluidshinder evenement";"2014 oktober";"Breda";"       1"
"Geluidshinder evenement";"2014 november";"Breda";"       0"
"Geluidshinder evenement";"2014 december";"Breda";"       1"
"Geluidshinder evenement";"2014";"Breda";"      13"
"Geluidshinder evenement";"2015 januari";"Breda";"       1"
"Geluidshinder evenement";"2015  februari";"Breda";"       1"
"Geluidshinder evenement";"2015 maart";"Breda";"       1"
"Geluidshinder evenement";"2015 april";"Breda";"       1"
"Geluidshinder evenement";"2015 mei";"Breda";"       6"
"Geluidshinder evenement";"2015 juni";"Breda";"       1"
"Geluidshinder evenement";"2015 juli";"Breda";"       3"
"Geluidshinder evenement";"2015 augustus";"Breda";"       0"
"Geluidshinder evenement";"2015 september";"Breda";"       2"
"Geluidshinder evenement";"2015 oktober";"Breda";"       1"
"Geluidshinder evenement";"2015 november";"Breda";"       3"
"Geluidshinder evenement";"2015 december";"Breda";"       0"
"Geluidshinder evenement";"2015";"Breda";"      20"
"Geluidshinder evenement";"2016 januari";"Breda";"       2"
"Geluidshinder evenement";"2016  februari";"Breda";"       1"
"Geluidshinder evenement";"2016 maart";"Breda";"       0"
"Geluidshinder evenement";"2016 april";"Breda";"       2"
"Geluidshinder evenement";"2016 mei";"Breda";"       5"
"Geluidshinder evenement";"2016 juni";"Breda";"       2"
"Geluidshinder evenement";"2016 juli";"Breda";"       4"
"Geluidshinder evenement";"2016 augustus";"Breda";"       3"
"Geluidshinder evenement";"2016 september";"Breda";"       2"
"Geluidshinder evenement";"2016 oktober";"Breda";"       1"
"Geluidshinder evenement";"2016 november";"Breda";"       0"
"Geluidshinder evenement";"2016 december";"Breda";"       2"
"Geluidshinder evenement";"2016";"Breda";"      24"
"Geluidshinder evenement";"2017 januari";"Breda";"       1"
"Geluidshinder evenement";"2017 februari";"Breda";"       2"
"Geluidshinder evenement";"2017 maart";"Breda";"       0"
"Geluidshinder evenement";"2017 april";"Breda";"       1"
"Geluidshinder evenement";"2017 mei";"Breda";"       6"
"Geluidshinder evenement";"2017 juni";"Breda";"       2"
"Geluidshinder evenement";"2017 juli";"Breda";"       2"
"Geluidshinder evenement";"2017 augustus";"Breda";"       0"
"Geluidshinder evenement";"2017 september";"Breda";"       2"
"Geluidshinder evenement";"2017 oktober";"Breda";"       0"
"Geluidshinder evenement";"2017 november";"Breda";"       3"
"Geluidshinder evenement";"2017 december";"Breda";"       0"
"Geluidshinder evenement";"2017";"Breda";"      19"
"Geluidshinder evenement";"2018 januari ";"Breda";"       0"
"Geluidshinder evenement";"2018 februari";"Breda";"       0"
"Geluidshinder evenement";"2018 maart";"Breda";"       1"
"Geluidshinder evenement";"2018 april";"Breda";"       0"
"Geluidshinder evenement";"2018 mei";"Breda";"       1"
"Geluidshinder evenement";"2018 juni";"Breda";"       0"
"Geluidshinder evenement";"2018 juli";"Breda";"       0"
"Geluidshinder evenement";"2018 augustus";"Breda";"       6"
"Geluidshinder evenement";"2018 september";"Breda";"       1"
"Geluidshinder evenement";"2018 oktober";"Breda";"       1"
"Geluidshinder evenement";"2018 november";"Breda";"       0"
"Geluidshinder evenement";"2018 december";"Breda";"       2"
"Geluidshinder evenement";"2018";"Breda";"      12"
"Geluidshinder evenement";"2019 januari";"Breda";"       2"
"Geluidshinder evenement";"2019 februari";"Breda";"       1"
"Geluidshinder evenement";"2019 maart";"Breda";"       0"
"Geluidshinder evenement";"2019 april";"Breda";"       1"
"Geluidshinder evenement";"2019 mei";"Breda";"       0"
"Geluidshinder evenement";"2019 juni";"Breda";"       3"
"Geluidshinder evenement";"2019 juli";"Breda";"       0"
"Geluidshinder evenement";"2019 augustus";"Breda";"       2"
"Geluidshinder evenement";"2019 september";"Breda";"       0"
"Geluidshinder evenement";"2019 oktober";"Breda";"       0"
"Geluidshinder evenement";"2019 november";"Breda";"       0"
"Geluidshinder evenement";"2019 december";"Breda";"       2"
"Geluidshinder evenement";"2019";"Breda";"      11"
"Geluidshinder evenement";"2020 januari";"Breda";"       4"
"Geluidshinder evenement";"2020 februari";"Breda";"       3"
"Geluidshinder evenement";"2020 maart";"Breda";"       0"
"Geluidshinder evenement";"2020 april";"Breda";"       1"
"Geluidshinder evenement";"2020 mei";"Breda";"       0"
"Geluidshinder evenement";"2020 juni";"Breda";"       0"
"Geluidshinder evenement";"2020 juli";"Breda";"       1"
"Geluidshinder evenement";"2020 augustus";"Breda";"       1"
"Geluidshinder evenement";"2020 september";"Breda";"       1"
"Geluidshinder evenement";"2020 oktober";"Breda";"       0"
"Geluidshinder evenement";"2020 november";"Breda";"       1"
"Geluidshinder evenement";"2020 december";"Breda";"       0"
"Geluidshinder evenement";"2020";"Breda";"      12"
"Geluidshinder evenement";"2021 januari";"Breda";"       1"
"Geluidshinder evenement";"2021 februari";"Breda";"       0"
"Geluidshinder evenement";"2021 maart";"Breda";"       1"
"Geluidshinder evenement";"2021 april";"Breda";"       0"
"Geluidshinder evenement";"2021 mei";"Breda";"       0"
"Geluidshinder evenement";"2021 juni";"Breda";"       1"
"Geluidshinder evenement";"2021 juli";"Breda";"       1"
"Geluidshinder evenement";"2021 augustus";"Breda";"       0"
"Geluidshinder evenement";"2021 september";"Breda";"       1"
"Geluidshinder evenement";"2021 oktober";"Breda";"       0"
"Geluidshinder evenement";"2021  november";"Breda";"       0"
"Geluidshinder evenement";"2021 december";"Breda";"       0"
"Geluidshinder evenement";"2021";"Breda";"       5"
"Geluidshinder evenement";"2022 januari";"Breda";"       0"
"Geluidshinder evenement";"2022 februari";"Breda";"       0"
"Geluidshinder evenement";"2022 maart";"Breda";"       1"
"Geluidshinder evenement";"2022 april";"Breda";"       0"
"Geluidshinder evenement";"2022 mei";"Breda";"       1"
"Geluidshinder evenement";"2022 juni";"Breda";"       5"
"Geluidshinder evenement";"2022 juli";"Breda";"       3"
"Geluidshinder evenement";"2022 augustus";"Breda";"       1"
"Geluidshinder evenement";"2022 september";"Breda";"       3"
"Geluidshinder evenement";"2022 oktober";"Breda";"       0"
"Geluidshinder evenement";"2022 november";"Breda";"       0"
"Geluidshinder evenement";"2022 december";"Breda";"       1"
"Geluidshinder evenement";"2022";"Breda";"      15"
"Geluidshinder evenement";"2023 januari";"Breda";"       0"
"Geluidshinder evenement";"2023 februari";"Breda";"       2"
"Geluidshinder evenement";"2023 maart";"Breda";"       2"
"Geluidshinder evenement";"2023 april";"Breda";"       1"
"Geluidshinder overig";"2012 januari";"Breda";"      73"
"Geluidshinder overig";"2012 februari";"Breda";"      57"
"Geluidshinder overig";"2012 maart";"Breda";"      76"
"Geluidshinder overig";"2012 april";"Breda";"      71"
"Geluidshinder overig";"2012 mei";"Breda";"     121"
"Geluidshinder overig";"2012 juni";"Breda";"     116"
"Geluidshinder overig";"2012 juli";"Breda";"      94"
"Geluidshinder overig";"2012 augustus";"Breda";"     128"
"Geluidshinder overig";"2012 september";"Breda";"     123"
"Geluidshinder overig";"2012 oktober";"Breda";"      75"
"Geluidshinder overig";"2012 november";"Breda";"      76"
"Geluidshinder overig";"2012 december";"Breda";"      89"
"Geluidshinder overig";"2012";"Breda";"    1099"
"Geluidshinder overig";"2013 januari";"Breda";"      72"
"Geluidshinder overig";"2013 februari";"Breda";"      49"
"Geluidshinder overig";"2013 maart";"Breda";"      71"
"Geluidshinder overig";"2013 april";"Breda";"     101"
"Geluidshinder overig";"2013 mei";"Breda";"      91"
"Geluidshinder overig";"2013 juni";"Breda";"     144"
"Geluidshinder overig";"2013 juli";"Breda";"     121"
"Geluidshinder overig";"2013 augustus";"Breda";"     164"
"Geluidshinder overig";"2013 september";"Breda";"     120"
"Geluidshinder overig";"2013 oktober";"Breda";"      98"
"Geluidshinder overig";"2013 november";"Breda";"      74"
"Geluidshinder overig";"2013 december";"Breda";"      93"
"Geluidshinder overig";"2013";"Breda";"    1198"
"Geluidshinder overig";"2014 januari";"Breda";"      76"
"Geluidshinder overig";"2014  februari";"Breda";"      77"
"Geluidshinder overig";"2014 maart";"Breda";"      70"
"Geluidshinder overig";"2014 april";"Breda";"      91"
"Geluidshinder overig";"2014 mei";"Breda";"     130"
"Geluidshinder overig";"2014 juni";"Breda";"     178"
"Geluidshinder overig";"2014 juli";"Breda";"     142"
"Geluidshinder overig";"2014 augustus";"Breda";"     133"
"Geluidshinder overig";"2014 september ";"Breda";"     160"
"Geluidshinder overig";"2014 oktober";"Breda";"     118"
"Geluidshinder overig";"2014 november";"Breda";"     115"
"Geluidshinder overig";"2014 december";"Breda";"      66"
"Geluidshinder overig";"2014";"Breda";"    1356"
"Geluidshinder overig";"2015 januari";"Breda";"      93"
"Geluidshinder overig";"2015  februari";"Breda";"      94"
"Geluidshinder overig";"2015 maart";"Breda";"      83"
"Geluidshinder overig";"2015 april";"Breda";"     103"
"Geluidshinder overig";"2015 mei";"Breda";"     141"
"Geluidshinder overig";"2015 juni";"Breda";"     153"
"Geluidshinder overig";"2015 juli";"Breda";"     197"
"Geluidshinder overig";"2015 augustus";"Breda";"     149"
"Geluidshinder overig";"2015 september";"Breda";"      99"
"Geluidshinder overig";"2015 oktober";"Breda";"      99"
"Geluidshinder overig";"2015 november";"Breda";"     105"
"Geluidshinder overig";"2015 december";"Breda";"     129"
"Geluidshinder overig";"2015";"Breda";"    1445"
"Geluidshinder overig";"2016 januari";"Breda";"     124"
"Geluidshinder overig";"2016  februari";"Breda";"      82"
"Geluidshinder overig";"2016 maart";"Breda";"     106"
"Geluidshinder overig";"2016 april";"Breda";"     124"
"Geluidshinder overig";"2016 mei";"Breda";"     151"
"Geluidshinder overig";"2016 juni";"Breda";"     184"
"Geluidshinder overig";"2016 juli";"Breda";"     194"
"Geluidshinder overig";"2016 augustus";"Breda";"     145"
"Geluidshinder overig";"2016 september";"Breda";"     143"
"Geluidshinder overig";"2016 oktober";"Breda";"     114"
"Geluidshinder overig";"2016 november";"Breda";"     101"
"Geluidshinder overig";"2016 december";"Breda";"      98"
"Geluidshinder overig";"2016";"Breda";"    1566"
"Geluidshinder overig";"2017 januari";"Breda";"      77"
"Geluidshinder overig";"2017 februari";"Breda";"      80"
"Geluidshinder overig";"2017 maart";"Breda";"      60"
"Geluidshinder overig";"2017 april";"Breda";"      96"
"Geluidshinder overig";"2017 mei";"Breda";"     118"
"Geluidshinder overig";"2017 juni";"Breda";"     176"
"Geluidshinder overig";"2017 juli";"Breda";"     133"
"Geluidshinder overig";"2017 augustus";"Breda";"     109"
"Geluidshinder overig";"2017 september";"Breda";"      80"
"Geluidshinder overig";"2017 oktober";"Breda";"      97"
"Geluidshinder overig";"2017 november";"Breda";"      85"
"Geluidshinder overig";"2017 december";"Breda";"      85"
"Geluidshinder overig";"2017";"Breda";"    1196"
"Geluidshinder overig";"2018 januari ";"Breda";"      90"
"Geluidshinder overig";"2018 februari";"Breda";"      90"
"Geluidshinder overig";"2018 maart";"Breda";"      93"
"Geluidshinder overig";"2018 april";"Breda";"     102"
"Geluidshinder overig";"2018 mei";"Breda";"     109"
"Geluidshinder overig";"2018 juni";"Breda";"     110"
"Geluidshinder overig";"2018 juli";"Breda";"     119"
"Geluidshinder overig";"2018 augustus";"Breda";"     132"
"Geluidshinder overig";"2018 september";"Breda";"      91"
"Geluidshinder overig";"2018 oktober";"Breda";"      90"
"Geluidshinder overig";"2018 november";"Breda";"      57"
"Geluidshinder overig";"2018 december";"Breda";"      73"
"Geluidshinder overig";"2018";"Breda";"    1156"
"Geluidshinder overig";"2019 januari";"Breda";"      70"
"Geluidshinder overig";"2019 februari";"Breda";"      78"
"Geluidshinder overig";"2019 maart";"Breda";"      60"
"Geluidshinder overig";"2019 april";"Breda";"     105"
"Geluidshinder overig";"2019 mei";"Breda";"      92"
"Geluidshinder overig";"2019 juni";"Breda";"     115"
"Geluidshinder overig";"2019 juli";"Breda";"     113"
"Geluidshinder overig";"2019 augustus";"Breda";"      87"
"Geluidshinder overig";"2019 september";"Breda";"      71"
"Geluidshinder overig";"2019 oktober";"Breda";"      68"
"Geluidshinder overig";"2019 november";"Breda";"      53"
"Geluidshinder overig";"2019 december";"Breda";"      68"
"Geluidshinder overig";"2019";"Breda";"     980"
"Geluidshinder overig";"2020 januari";"Breda";"      81"
"Geluidshinder overig";"2020 februari";"Breda";"      89"
"Geluidshinder overig";"2020 maart";"Breda";"      80"
"Geluidshinder overig";"2020 april";"Breda";"     156"
"Geluidshinder overig";"2020 mei";"Breda";"     195"
"Geluidshinder overig";"2020 juni";"Breda";"     161"
"Geluidshinder overig";"2020 juli";"Breda";"     186"
"Geluidshinder overig";"2020 augustus";"Breda";"     197"
"Geluidshinder overig";"2020 september";"Breda";"     147"
"Geluidshinder overig";"2020 oktober";"Breda";"     118"
"Geluidshinder overig";"2020 november";"Breda";"     134"
"Geluidshinder overig";"2020 december";"Breda";"     162"
"Geluidshinder overig";"2020";"Breda";"    1706"
"Geluidshinder overig";"2021 januari";"Breda";"     224"
"Geluidshinder overig";"2021 februari";"Breda";"     256"
"Geluidshinder overig";"2021 maart";"Breda";"     187"
"Geluidshinder overig";"2021 april";"Breda";"     238"
"Geluidshinder overig";"2021 mei";"Breda";"     248"
"Geluidshinder overig";"2021 juni";"Breda";"     336"
"Geluidshinder overig";"2021 juli";"Breda";"     323"
"Geluidshinder overig";"2021 augustus";"Breda";"     335"
"Geluidshinder overig";"2021 september";"Breda";"     284"
"Geluidshinder overig";"2021 oktober";"Breda";"     225"
"Geluidshinder overig";"2021  november";"Breda";"     212"
"Geluidshinder overig";"2021 december";"Breda";"     234"
"Geluidshinder overig";"2021";"Breda";"    3102"
"Geluidshinder overig";"2022 januari";"Breda";"     232"
"Geluidshinder overig";"2022 februari";"Breda";"     179"
"Geluidshinder overig";"2022 maart";"Breda";"     117"
"Geluidshinder overig";"2022 april";"Breda";"      94"
"Geluidshinder overig";"2022 mei";"Breda";"     140"
"Geluidshinder overig";"2022 juni";"Breda";"     156"
"Geluidshinder overig";"2022 juli";"Breda";"     202"
"Geluidshinder overig";"2022 augustus";"Breda";"     188"
"Geluidshinder overig";"2022 september";"Breda";"     129"
"Geluidshinder overig";"2022 oktober";"Breda";"      99"
"Geluidshinder overig";"2022 november";"Breda";"      91"
"Geluidshinder overig";"2022 december";"Breda";"      92"
"Geluidshinder overig";"2022";"Breda";"    1719"
"Geluidshinder overig";"2023 januari";"Breda";"     113"
"Geluidshinder overig";"2023 februari";"Breda";"      88"
"Geluidshinder overig";"2023 maart";"Breda";"      82"
"Geluidshinder overig";"2023 april";"Breda";"      96"
